a,b,op,c,d,real,imaginary
64,0,1,88,37,-24,-37
90,63,3,54,24,1.82474226804124,0.355670103092783
43,18,0,8,2,51,20
9,33,1,50,86,-41,-53
52,74,0,1,49,53,123
84,69,1,18,20,66,49
57,62,0,32,9,89,71
67,24,2,25,61,211,4687
1,57,0,59,74,60,131
11,84,3,18,3,1.35135135135135,4.44144144144144
83,74,3,45,72,1.25717852684145,-0.367041198501873
83,53,2,87,32,5525,7267
1,78,0,37,78,38,156
79,80,3,65,24,1.4694855238492,0.688189960424911
29,47,3,60,54,0.656537753222836,0.192449355432781
92,40,2,97,23,8004,5996
36,35,2,54,79,-821,4734
7,90,3,85,54,0.537915392959274,0.717089044472932
39,64,3,94,17,0.520986301369863,0.586630136986301
2,48,0,55,24,57,72
40,39,0,70,33,110,72
24,79,1,56,39,-32,40
47,41,1,80,67,-33,-26
61,61,0,88,2,149,63
96,91,1,20,73,76,18
23,43,0,50,65,73,108
52,78,2,18,34,-1716,3172
32,26,3,28,73,0.45705872730247,-0.263045967610011
56,73,3,97,83,0.705055835071788,0.149282120505584
37,16,2,24,1,872,421
90,97,3,15,20,5.264,-0.552
62,90,1,50,24,12,66
94,87,2,10,58,-4106,6322
48,78,1,23,91,25,-13
54,24,1,62,84,-8,-60
76,25,1,41,78,35,-53
25,84,1,17,75,8,9
65,52,0,1,70,66,122
88,91,0,87,48,175,139
62,33,0,84,63,146,96
28,82,1,21,90,7,-8
24,21,3,67,51,0.377856135401975,0.0258110014104372
12,87,1,8,14,4,73
0,76,0,56,15,56,91
25,58,0,79,61,104,119
77,37,2,28,31,1009,3423
35,41,0,55,22,90,63
97,50,3,21,48,1.61639344262295,-1.31366120218579
91,93,2,38,54,-1564,8448
56,26,0,50,89,106,115
81,60,2,7,16,-393,1716
43,85,2,38,62,-3636,5896
6,16,3,77,95,0.132539788685302,0.0442690918817708
74,97,3,96,15,0.906577693040991,0.868763902129012
28,9,1,14,30,14,-21
7,49,3,16,26,1.48712446351931,0.645922746781116
69,48,1,37,85,32,-37
39,71,2,90,53,-253,8457
61,87,0,26,14,87,101
64,71,3,46,8,1.61100917431193,1.26330275229358
81,68,0,27,18,108,86
81,86,1,56,26,25,60
93,22,2,87,87,6177,10005
15,49,0,75,30,90,79
56,27,1,24,83,32,-56
11,95,3,37,49,1.34270557029178,0.789389920424403
68,5,1,80,93,-12,-88
17,86,2,90,97,-6812,9389
62,11,2,2,74,-690,4610
84,72,1,48,57,36,15
43,35,3,73,36,0.664,0.152
10,72,0,6,82,16,154
97,69,3,69,11,1.52642359688652,0.756657107742728
63,91,0,65,27,128,118
54,37,3,29,74,0.68133607725186,-0.462719645401298
63,39,2,16,6,774,1002
79,62,0,96,84,175,146
27,41,3,51,37,0.72896725440806,0.275062972292191
5,54,0,26,51,31,105
22,54,3,80,68,0.492743105950653,0.256168359941945
93,89,2,90,80,1250,15450
57,80,0,17,1,74,81
38,42,3,39,5,1.09443725743855,0.936610608020699
87,52,3,69,33,1.31948717948718,0.122564102564103
55,43,1,46,72,9,-29
61,66,3,13,81,0.912184249628529,-0.60668647845468
29,72,1,59,26,-30,46
90,14,1,62,4,28,10
49,61,1,73,59,-24,2
39,62,2,1,83,-5107,3299
98,6,3,96,1,1.02137354887708,0.0518606921991971
76,12,0,7,29,83,41
50,3,3,8,50,0.214508580343214,-0.965678627145086
55,93,3,68,47,1.18703351382994,0.547197424264598
60,23,2,94,58,4306,5642
40,90,0,31,64,71,154
32,59,2,86,27,1159,5938
13,34,2,83,10,739,2952
57,56,2,65,6,3369,3982
20,28,2,19,45,-880,1432
50,88,1,24,92,26,-4
77,12,1,98,76,-21,-64
83,74,0,82,63,165,137
80,93,0,9,61,89,154
72,44,2,72,96,960,10080
20,11,3,42,95,0.174714987487256,-0.133283900268792
34,85,3,6,74,1.17815674891147,-0.363933236574746
40,80,3,45,92,0.873295833730575,-0.00762703784917533
93,54,3,32,20,2.84831460674157,-0.0926966292134832
55,19,0,21,71,76,90
54,84,3,0,52,1.61538461538462,-1.03846153846154
64,58,3,19,72,0.972407574391344,-0.632281334535618
2,37,1,36,91,-34,-54
4,34,3,28,33,0.658836091831287,0.437800320341698
62,62,2,83,26,3534,6758
55,51,2,39,89,-2394,6884
93,23,3,99,19,0.949025782326314,0.0501869710686873
55,43,3,32,40,1.32621951219512,-0.314024390243902
71,73,3,61,55,1.23717758671806,0.0812333234509339
91,98,2,83,82,-483,15596
29,27,3,84,32,0.408415841584158,0.165841584158416
47,82,2,62,43,-612,7105
61,70,3,22,26,2.72586206896552,-0.0396551724137931
83,59,2,61,38,2821,6753
22,77,2,57,1,1177,4411
47,23,2,57,84,747,5259
56,18,0,39,39,95,57
34,81,1,90,66,-56,15
87,90,2,25,3,1905,2511
77,24,1,57,55,20,-31
69,56,3,98,25,0.797927461139896,0.367875647668394
32,13,0,40,68,72,81
73,13,0,22,13,95,26
92,75,1,85,46,7,29
64,78,1,85,50,-21,28
38,51,0,78,53,116,104
46,50,3,48,17,1.17932896259159,0.623987659082144
86,47,2,49,13,3603,3421
63,58,1,28,66,35,-8
65,76,1,84,10,-19,66
76,64,0,63,84,139,148
38,53,2,69,60,-558,5937
23,7,1,51,52,-28,-45
61,70,1,37,54,24,16
90,16,2,98,84,7476,9128
2,41,0,19,81,21,122
4,84,2,77,32,-2380,6596
22,91,3,85,22,0.502270073939551,0.940588922039175
15,0,2,97,9,1455,135
33,73,0,13,39,46,112
57,57,1,60,51,-3,6
47,5,3,16,73,0.2,-0.6
15,20,3,37,33,0.494304312449146,0.0996745321399512
43,42,1,80,87,-37,-45
56,6,3,51,40,0.736967388716972,-0.460366579385861
82,68,3,13,28,3.11647429171039,-1.48163693599161
68,90,1,56,17,12,73
1,86,1,19,97,-18,-11
1,70,0,47,6,48,76
29,71,3,19,43,1.63076923076923,0.0461538461538462
87,14,3,64,29,1.21004658699615,-0.329552359732631
97,45,1,54,68,43,-23
41,50,0,93,2,134,52
23,2,3,36,87,0.113028764805415,-0.217597292724196
68,0,3,32,75,0.327267258234321,-0.76703263648669
61,97,3,38,45,1.9264917843759,0.271259729028538
13,63,2,33,64,-3603,2911
42,9,2,64,33,2391,1962
48,37,3,5,33,1.31149012567325,-1.25583482944345
29,99,1,18,23,11,76
23,22,1,59,56,-36,-34
55,16,3,16,22,1.66486486486487,-1.28918918918919
57,2,1,72,76,-15,-74
21,57,1,73,48,-52,9
54,60,0,30,97,84,157
76,34,0,19,78,95,112
97,4,0,59,85,156,89
71,6,2,84,67,5562,5261
58,15,2,34,41,1357,2888
95,84,1,15,39,80,45
46,59,2,1,78,-4556,3647
75,43,3,0,82,0.524390243902439,-0.914634146341463
70,73,3,65,15,1.2685393258427,0.830337078651685
74,44,2,91,27,5546,6002
36,11,0,94,28,130,39
80,85,0,57,28,137,113
30,85,1,30,81,0,4
28,42,3,40,99,0.462941847206385,-0.0957810718358039
80,98,3,13,87,1.23623675368312,-0.734815197725511
61,69,3,47,98,0.815118936764581,-0.23152459155168
3,74,3,27,15,1.24842767295598,2.04716981132075
58,19,2,2,66,-1138,3866
58,41,0,11,69,69,110
41,96,1,87,94,-46,2
32,29,3,14,18,1.86538461538462,-0.326923076923077
9,29,2,55,40,-665,1955
31,73,0,41,73,72,146
38,93,0,67,86,105,179
91,1,3,70,35,1.04571428571429,-0.508571428571429
38,4,3,82,80,0.261810423651326,-0.206644315757391
78,64,3,48,50,1.44546211490425,-0.172356369691923
82,29,0,82,92,164,121
55,54,0,31,10,86,64
30,86,2,69,55,-2660,7584
46,68,3,96,77,0.637306041597887,0.197160779135028
59,9,3,98,44,0.535355285961872,-0.148526863084922
17,27,2,77,67,-500,3218
0,54,3,1,81,0.666565071624505,0.00822919841511734
22,97,0,96,60,118,157
2,74,3,98,31,0.235683861807856,0.680548982489352
61,74,1,12,59,49,15
36,88,3,77,29,0.786410635155096,0.846676514032496
88,3,3,67,46,0.913550340651022,-0.582437547312642
27,97,1,82,78,-55,19
79,2,3,26,99,0.214947026820655,-0.741529063663262
7,66,2,11,3,-121,747
10,3,2,35,49,203,595
29,4,2,99,35,2731,1411
37,59,1,36,84,1,-25
87,52,0,14,57,101,109
56,45,1,16,29,40,16
65,21,2,71,42,3733,4221
93,90,0,29,72,122,162
78,87,0,3,58,81,145
81,21,1,84,25,-3,-4
51,1,0,52,29,103,30
56,78,1,58,87,-2,-9
19,52,3,0,39,1.33333333333333,-0.487179487179487
44,62,3,59,41,0.995350639287098,0.359163115071678
27,79,1,87,63,-60,16
22,57,3,15,72,0.819744869661675,-0.13477537437604
30,57,2,61,22,576,4137
22,71,1,51,20,-29,51
71,0,3,55,91,0.345391827348311,-0.571466477976296
43,45,0,4,57,47,102
95,36,1,7,91,88,-55
2,66,0,44,82,46,148
43,61,3,17,96,0.693003682272488,-0.32519726459758
4,95,0,84,80,88,175
21,7,1,11,22,10,-15
18,88,3,82,67,0.65745117274592,0.535985017390529
81,12,0,79,9,160,21
23,91,1,30,9,-7,82
29,42,0,32,45,61,87
32,90,3,86,49,0.73104011432071,0.629988772073084
52,80,3,75,15,0.871794871794872,0.892307692307692
29,17,2,88,69,1379,3497
24,29,2,7,36,-876,1067
54,64,0,18,37,72,101
26,8,3,38,27,0.554072710538426,-0.183156925908882
26,93,3,75,11,0.517403411068569,1.16411416637661
34,10,0,44,74,78,84
1,5,0,62,40,63,45
80,58,1,23,17,57,41
41,94,0,57,85,98,179
58,0,1,55,64,3,-64
90,95,3,23,44,2.53549695740365,-0.720081135902637
2,42,2,88,39,-1462,3774
68,25,3,89,76,0.580565087245382,-0.214864568883697
84,36,0,30,91,114,127
79,31,2,63,38,3799,4955
58,82,0,82,23,140,105
72,39,0,14,38,86,77
56,51,2,88,43,2735,6896
51,52,1,89,10,-38,42
32,11,0,26,14,58,25
92,74,2,85,15,6710,7670
87,53,1,84,72,3,-19
46,43,1,18,3,28,40
72,73,0,99,28,171,101
68,82,1,47,70,21,12
91,93,1,2,34,89,59
82,41,1,67,22,15,19
53,34,0,11,59,64,93
32,88,2,85,74,-3792,9848
37,45,0,99,85,136,130
77,84,2,40,82,-3808,9674
85,62,0,37,84,122,146
91,63,0,45,17,136,80
23,85,3,11,70,1.23541127265485,-0.134435371439952
78,57,2,8,65,-3081,5526
65,46,2,69,27,3243,4929
51,9,2,0,2,-18,102
68,62,0,74,72,142,134
17,56,2,7,43,-2289,1123
12,95,3,16,32,2.525,0.8875
50,89,1,58,93,-8,-4
54,14,0,10,11,64,25
70,55,1,99,84,-29,-29
7,75,1,55,88,-48,-13
66,22,2,90,42,5016,4752
65,89,0,92,58,157,147
32,14,0,58,38,90,52
25,37,1,2,59,23,-22
51,54,0,32,71,83,125
90,75,2,30,98,-4650,11070
32,6,3,68,27,0.436764431160097,-0.0851858770782739
39,78,2,67,99,-5109,9087
39,77,0,70,14,109,91
17,21,2,81,67,-30,2840
70,87,2,11,11,-187,1727
69,60,3,34,53,1.3936948297604,-0.4078184110971
29,77,1,6,60,23,17
26,57,0,94,32,120,89
97,22,0,77,47,174,69
89,1,2,82,93,7205,8359
10,51,0,74,99,84,150
17,54,1,29,44,-12,10
7,85,0,41,3,48,88
34,44,3,32,78,0.635903207653348,-0.175014068655037
46,52,2,96,25,3116,6142
61,86,1,23,22,38,64
47,17,3,57,47,0.637229754488824,-0.227189446683767
24,10,0,71,18,95,28
8,27,0,22,36,30,63
98,39,1,96,91,2,-52
32,64,3,93,27,0.501599488163788,0.54254638515675
75,54,2,76,63,2298,8829
30,52,1,24,4,6,48
26,91,3,33,76,1.13241077931537,0.149599417334304
6,96,3,7,29,3.1752808988764,0.559550561797753
12,9,0,37,3,49,12
37,63,2,84,48,84,7068
77,86,0,25,8,102,94
51,59,0,74,62,125,121
62,72,3,52,4,1.29117647058824,1.28529411764706
87,36,1,56,28,31,8
99,41,0,85,72,184,113
0,43,0,15,74,15,117
29,50,2,67,50,-557,4800
44,12,1,98,47,-54,-35
29,70,2,36,16,-76,2984
60,2,1,89,32,-29,-30
41,42,2,51,97,-1983,6119
68,40,2,83,77,2564,8556
99,26,3,40,48,1.33401639344262,-0.950819672131147
21,49,2,64,71,-2135,4627
85,54,2,91,31,6061,7549
94,23,0,50,13,144,36
62,35,2,2,20,-576,1310
35,84,2,94,44,-406,9436
14,47,0,67,28,81,75
51,57,3,49,42,1.17478991596639,0.156302521008403
7,24,3,47,4,0.191011235955056,0.49438202247191
74,89,2,53,57,-1151,8935
45,93,2,51,69,-4122,7848
58,23,1,96,71,-38,-48
61,7,2,56,34,3178,2466
85,12,1,42,90,43,-78
60,84,3,16,78,1.18485804416404,-0.526182965299685
17,44,2,20,84,-3356,2308
18,10,1,18,80,0,-70
28,88,2,13,82,-6852,3440
81,33,0,82,2,163,35
74,43,0,35,39,109,82
88,39,1,76,22,12,17
87,16,3,7,16,2.83606557377049,-4.19672131147541
11,13,3,87,51,0.15929203539823,0.056047197640118
48,86,2,19,70,-5108,4994
98,75,3,15,45,2.15333333333333,-1.46
52,11,2,48,42,2034,2712
97,3,2,8,19,719,1867
58,74,0,38,93,96,167
12,25,0,43,42,55,67
44,43,1,21,97,23,-54
23,98,2,72,63,-4518,8505
98,75,0,36,73,134,148
12,37,0,41,2,53,39
41,40,3,60,76,0.58660409556314,-0.0763651877133106
57,30,0,52,94,109,124
26,49,2,19,49,-1907,2205
93,42,2,1,59,-2385,5529
70,99,0,57,91,127,190
19,60,2,56,51,-1996,4329
7,51,0,24,6,31,57
82,3,1,80,7,2,-4
4,32,0,39,88,43,120
34,73,3,98,44,0.567071057192374,0.490294627383016
45,83,1,66,28,-21,55
20,42,3,52,33,0.639599261798049,0.401792776166623
54,11,1,41,48,13,-37
8,96,3,92,58,0.532972607372337,0.707473791004396
33,16,2,13,9,285,505
51,64,1,37,17,14,47
23,89,3,43,50,1.2506323292711,0.615543803173143
96,4,1,40,82,56,-78
2,68,2,67,30,-1906,4616
75,21,1,53,21,22,0
65,85,1,76,34,-11,51
45,42,2,91,87,441,7737
28,59,1,83,11,-55,48
94,79,1,29,74,65,5
61,69,0,20,49,81,118
19,52,0,99,40,118,92
46,98,1,88,47,-42,51
0,38,3,86,18,0.0886010362694301,0.423316062176166
12,72,1,89,27,-77,45
64,48,3,83,33,0.864377036851341,0.234645274504888
65,18,3,86,92,0.45687263556116,-0.279445145018915
96,74,2,44,91,-2510,11992
7,73,1,5,14,2,59
55,39,2,72,10,3570,3358
15,43,1,79,88,-64,-45
7,91,3,48,5,0.339630742808072,1.86045513095749
60,31,0,93,7,153,38
98,52,0,63,41,161,93
64,97,3,72,39,1.25145413870246,0.669351230425056
47,44,3,5,25,2.05384615384615,-1.46923076923077
96,5,0,85,94,181,99
89,23,0,53,8,142,31
0,1,0,32,59,32,60
48,62,1,95,26,-47,36
5,38,1,6,44,-1,-6
32,61,3,78,34,0.63121546961326,0.506906077348066
49,80,3,53,75,1.01932653545174,0.0669907517192317
37,18,2,9,68,-891,2678
15,94,3,5,91,1.03888755116783,-0.107753431254515
59,62,0,90,3,149,65
80,97,0,10,74,90,171
90,99,1,20,90,70,9
34,65,3,61,72,0.758450308815272,0.170353733857384
90,76,0,87,34,177,110
59,65,2,34,38,-464,4452
17,68,1,24,74,-7,-6
75,75,1,95,3,-20,72
4,82,2,41,78,-6232,3674
36,72,2,70,71,-2592,7596
97,96,1,77,8,20,88
65,54,0,96,40,161,94
79,79,2,79,85,-474,12956
89,46,1,47,89,42,-43
97,33,2,96,76,6804,10540
27,39,3,42,9,0.804878048780488,0.75609756097561
25,31,2,32,19,211,1467
85,89,3,13,1,7.02352941176471,6.30588235294118
15,46,0,29,20,44,66
62,28,3,52,31,1.11650750341064,-0.127148703956344
6,84,0,99,12,105,96
90,36,3,31,30,2.07952713594841,-0.851155292853305
54,2,2,55,2,2966,218
0,72,0,39,38,39,110
92,50,3,6,44,1.39553752535497,-1.90060851926978
57,0,0,86,99,143,99
54,76,0,37,11,91,87
44,46,3,38,83,0.658826353054122,-0.228489139565583
18,74,0,31,60,49,134
67,47,3,59,42,1.1300285986654,-0.00781696854146807
56,43,0,83,15,139,58
13,22,2,90,65,-260,2825
86,43,1,89,48,-3,-5
99,37,1,14,10,85,27
73,18,3,59,89,0.518242413611647,-0.476670759515874
98,49,2,42,19,3185,3920
19,66,3,82,33,0.478177396646615,0.612440803788558
77,80,0,56,69,133,149
10,96,2,91,42,-3122,9156
18,86,0,9,3,27,89
77,26,1,34,63,43,-37
58,98,0,5,72,63,170
80,28,2,70,90,3080,9160
47,33,1,83,14,-36,19
62,9,1,49,28,13,-19
26,72,2,47,78,-4394,5412
25,34,2,23,76,-2009,2682
83,16,1,19,61,64,-45
78,86,2,9,23,-1276,2568
4,1,1,54,55,-50,-54
70,50,3,35,35,1.71428571428571,-0.285714285714286
28,53,3,97,88,0.430245438115781,0.156065994286714
74,18,2,92,82,5332,7724
11,44,1,96,74,-85,-30
14,93,1,2,13,12,80
87,5,3,62,53,0.850593717120096,-0.64647527431234
53,48,3,18,53,1.11650175550591,-0.620810724545164
50,47,1,84,97,-34,-50
60,10,2,72,49,3830,3660
20,53,1,13,18,7,35
8,90,3,59,39,0.796081567373051,0.999200319872051
4,77,3,94,87,0.431270953977446,0.41999390429747
69,2,2,33,62,2153,4344
49,71,1,23,22,26,49
31,89,2,99,19,1378,9400
38,95,1,1,1,37,94
97,90,1,40,63,57,27
20,3,3,56,31,0.296070295338052,-0.110324627776422
38,10,2,94,45,3122,2650
58,94,0,55,45,113,139
66,25,3,38,98,0.448769007965243,-0.499456915278784
99,64,1,5,90,94,-26
64,65,0,63,65,127,130
15,4,2,51,79,449,1389
75,60,1,66,89,9,-29
3,65,3,99,63,0.318954248366013,0.45359477124183
2,46,3,24,81,0.528793610760824,0.131988230348886
93,19,3,97,14,0.966892243623113,0.0563248308172827
90,36,2,7,99,-2934,9162
23,0,1,53,76,-30,-76
32,8,0,61,82,93,90
93,59,1,36,77,57,-18
56,36,0,58,86,114,122
57,12,0,67,34,124,46
60,51,2,34,25,765,3234
49,91,1,19,69,30,22
15,96,0,95,53,110,149
69,35,3,17,8,4.11614730878187,0.121813031161473
34,67,1,86,70,-52,-3
76,25,2,25,84,-200,7009
20,65,3,52,96,0.610738255033557,0.12248322147651
41,17,0,42,57,83,74
83,11,3,83,35,0.896475228000986,-0.24550160216909
45,24,3,86,9,0.546475859301859,0.221880433328875
5,41,2,72,23,-583,3067
57,98,1,36,30,21,68
45,56,1,67,29,-22,27
36,14,0,24,19,60,33
89,21,0,57,7,146,28
99,17,1,85,42,14,-25
77,50,0,91,19,168,69
22,15,1,42,88,-20,-73
84,58,2,53,55,1262,7694
44,23,0,31,79,75,102
92,62,1,14,16,78,46
29,96,2,20,30,-2300,2790
69,94,0,65,66,134,160
52,12,2,88,9,4468,1524
10,58,1,1,50,9,8
92,88,2,14,46,-2760,5464
23,68,2,16,84,-5344,3020
4,43,0,88,94,92,137
17,84,1,2,60,15,24
56,37,3,74,78,0.608131487889273,-0.141003460207612
61,14,3,27,59,0.587410926365796,-0.765083135391924
70,96,2,11,46,-3646,4276
0,3,3,3,13,0.219101123595506,0.050561797752809
53,51,3,75,79,0.674532277094219,-0.0305073318725771
89,11,2,18,81,711,7407
66,30,2,95,67,4260,7272
26,68,2,0,64,-4352,1664
12,6,1,56,55,-44,-49
79,24,2,49,22,3343,2914
67,7,1,37,49,30,-42
96,20,1,6,76,90,-56
4,1,1,39,37,-35,-36
90,99,3,98,84,1.02857142857143,0.128571428571429
79,4,3,46,33,1.17503900156006,-0.75600624024961
87,93,0,6,14,93,107
46,45,1,97,79,-51,-34
31,94,3,48,91,0.948700991969769,0.159754369390647
37,27,3,18,79,0.426351865955826,-0.371210967250571
83,81,2,82,72,974,12618
78,47,2,92,21,6189,5962
23,10,1,66,27,-43,-17
35,14,0,69,52,104,66
64,7,1,5,29,59,-22
38,13,0,26,37,64,50
50,70,3,27,22,2.38252267106348,0.651277823577906
36,42,3,40,72,0.658018867924528,-0.134433962264151
79,99,1,49,73,30,26
57,11,0,59,52,116,63
69,81,0,62,48,131,129
92,15,1,96,83,-4,-68
35,64,3,10,60,1.13243243243243,-0.394594594594595
70,62,0,37,94,107,156
94,54,2,3,67,-3336,6460
57,92,3,98,8,0.653909805544063,0.88539511791477
36,55,3,86,51,0.590277083124937,0.289486846053816
47,43,3,40,44,1.06674208144796,-0.0984162895927602
77,89,2,73,60,281,11117
43,8,0,96,23,139,31
79,92,2,96,95,-1156,16337
26,41,0,83,37,109,78
24,51,1,85,65,-61,-14
41,19,0,40,77,81,96
74,61,2,80,78,1162,10652
81,99,1,42,18,39,81
60,81,2,9,23,-1323,2109
47,78,2,69,19,1761,6275
40,34,3,31,60,0.719140539355405,-0.295110721333041
16,56,0,21,58,37,114
43,70,1,77,13,-34,57
33,72,3,46,47,1.13341040462428,0.407167630057803
48,39,3,82,55,0.623756282695661,0.0572366396553493
38,78,2,99,59,-840,9964
60,10,3,0,80,0.125,-0.75
45,80,2,80,94,-3920,10630
7,31,2,11,13,-326,432
31,95,1,46,15,-15,80
21,42,2,99,36,567,4914
30,28,3,6,53,0.584885764499121,-0.499824253075571
27,28,0,41,13,68,41
37,52,1,53,37,-16,15
34,27,0,7,61,41,88
4,19,1,88,72,-84,-53
91,89,1,61,88,30,1
87,22,3,88,92,0.597235932872656,-0.374383020730503
86,10,3,30,35,1.37882352941176,-1.27529411764706
15,79,1,94,59,-79,20
88,25,3,26,61,0.867182169661132,-1.07300432112804
62,19,2,80,30,4390,3380
71,76,2,33,33,-165,4851
52,70,2,58,91,-3354,8792
18,12,2,65,17,966,1086
5,68,2,67,66,-4153,4886
55,91,0,4,68,59,159
66,56,3,12,57,1.17418213969938,-0.910698496905393
47,37,1,92,40,-45,-3
37,10,3,24,58,0.37258883248731,-0.483756345177665
19,61,0,65,31,84,92
35,93,1,84,88,-49,5
48,20,1,50,32,-2,-12
86,8,0,90,22,176,30
2,35,3,20,19,0.926412614980289,0.869908015768725
52,72,3,50,29,1.4031727027836,0.626159832385513
38,23,0,50,85,88,108
87,46,2,31,11,2191,2383
96,93,2,87,54,3330,13275
69,55,1,25,62,44,-7
13,62,2,32,92,-5288,3180
0,68,2,14,84,-5712,952
40,31,2,95,34,2746,4305
76,42,3,4,86,0.528332433890988,-0.859147328656233
97,59,1,26,43,71,16
79,58,0,49,43,128,101
43,36,1,59,36,-16,0
1,87,3,73,57,0.586616927022616,0.733737467941245
89,77,2,49,60,-259,9113
17,13,3,12,21,0.815384615384615,-0.343589743589744
99,54,3,35,13,2.98923959827834,0.432568149210904
85,80,0,40,42,125,122
23,41,0,8,83,31,124
65,5,0,49,33,114,38
93,56,2,71,72,2571,10672
25,77,2,82,32,-414,7114
37,86,1,10,81,27,5
77,42,2,74,99,1540,10731
42,40,0,15,79,57,119
46,55,2,20,56,-2160,3676
10,14,3,56,80,0.176174496644295,-0.00167785234899329
50,52,2,6,63,-2976,3462
24,41,3,97,48,0.366771962776402,0.241185008110646
94,27,1,69,66,25,-39
24,62,0,12,81,36,143
48,66,0,83,40,131,106
37,57,1,5,13,32,44
71,48,3,29,14,2.63355834136933,0.383799421407907
62,46,2,31,6,1646,1798
30,48,0,97,7,127,55
48,76,3,96,65,0.710363812216353,0.310691168811844
67,18,1,16,56,51,-38
27,76,3,15,50,1.54311926605505,-0.0770642201834862
52,76,0,4,11,56,87
71,69,0,11,39,82,108
0,9,1,44,36,-44,-27
34,39,3,26,98,0.457782101167315,-0.225486381322957
41,21,3,50,5,0.853465346534653,0.334653465346535
95,32,3,24,52,1.20243902439024,-1.2719512195122
40,49,2,5,39,-1711,1805
41,25,0,9,8,50,33
34,5,0,7,13,41,18
34,48,2,75,48,246,5232
89,93,0,25,51,114,144
63,37,2,43,20,1969,2851
67,80,3,58,7,1.30266627600352,1.22209200117199
16,50,1,25,46,-9,4
81,63,2,94,70,3204,11592
50,5,0,98,79,148,84
82,97,1,59,6,23,91
56,10,1,13,95,43,-85
5,36,3,12,11,1.72075471698113,1.42264150943396
70,96,1,27,70,43,26
23,21,1,2,11,21,10
0,57,0,30,15,30,72
52,43,0,66,36,118,79
67,11,0,33,7,100,18
26,45,2,95,86,-1400,6511
14,66,2,84,97,-5226,6902
5,16,3,43,60,0.21563589649477,0.0712057258212516
12,10,2,99,50,688,1590
70,96,2,21,98,-7938,8876
6,23,2,39,64,-1238,1281
25,36,1,25,89,0,-53
29,35,3,22,5,1.59724950884086,1.2278978388998
44,65,1,87,50,-43,15
46,61,1,16,94,30,-33
23,76,2,65,78,-4433,6734
55,87,0,79,23,134,110
50,66,3,29,2,1.87218934911243,2.14674556213018
21,95,1,67,28,-46,67
22,38,1,16,88,6,-50
52,77,0,45,5,97,82
29,62,2,19,73,-3975,3295
66,66,2,85,54,2046,9174
92,32,2,11,55,-748,5412
47,63,0,88,84,135,147
84,5,0,17,46,101,51
10,43,1,33,57,-23,-14
83,21,3,60,96,0.545880149812734,-0.523408239700375
52,68,1,40,35,12,33
13,77,3,86,26,0.386521308225966,0.778493557978196
67,48,2,81,30,3987,5898
95,13,3,37,51,1.05239294710327,-1.0992443324937
52,32,0,54,70,106,102
58,81,0,25,58,83,139
84,51,0,66,67,150,118
96,79,3,84,80,1.06896551724138,-0.0775862068965517
28,81,1,23,64,5,17
64,26,2,55,4,3416,1686
38,68,1,83,80,-45,-12
72,59,2,8,11,-73,1264
51,71,3,87,95,0.673858020971435,0.0802699771001567
43,54,1,96,13,-53,41
73,29,0,70,74,143,103
53,12,3,15,63,0.369814020028612,-0.753218884120172
37,7,2,3,67,-358,2500
77,28,0,29,32,106,60
16,86,2,62,22,-900,5684
11,6,3,54,95,0.0974792730927058,-0.0603802026630935
80,80,0,0,99,80,179
55,46,0,61,6,116,52
1,94,3,5,99,0.947588031752493,0.037756971300631
69,92,3,91,51,1.00817864363169,0.445965815107517
57,8,3,85,24,0.64568645045507,-0.0881938213049609
17,58,3,67,36,0.557821953327571,0.565946413137424
44,2,1,48,26,-4,-24
51,91,0,12,46,63,137
97,6,3,27,82,0.417415805715819,-1.04548503958138
35,33,2,59,59,118,4012
45,55,0,83,22,128,77
18,4,0,79,45,97,49
66,25,0,80,73,146,98
84,41,2,58,28,3724,4730
3,84,1,43,65,-40,19
73,47,2,92,58,3990,8558
54,53,2,36,64,-1448,5364
65,55,0,5,52,70,107
59,82,3,17,72,1.26201352092088,-0.521469029782569
22,1,2,42,91,833,2044
88,3,2,37,47,3115,4247
94,37,0,13,24,107,61
57,25,1,61,1,-4,24
96,52,3,4,74,0.770575382374363,-1.25564457392571
8,68,2,18,27,-1692,1440
72,40,2,58,84,816,8368
78,80,0,34,51,112,131
82,48,2,90,24,6228,6288
37,13,3,55,65,0.397241379310345,-0.233103448275862
93,97,3,25,62,1.86596554038935,-0.747594540165585
8,94,1,97,62,-89,32
96,17,3,22,26,2.20172413793103,-1.82931034482759
36,88,2,6,7,-400,780
93,31,0,25,25,118,56
75,85,0,46,28,121,113
82,82,3,70,57,1.27794821450485,0.130813596760339
10,28,0,98,73,108,101
57,44,3,69,85,0.640163524111463,-0.150926080427165
35,31,0,51,70,86,101
58,73,3,21,26,2.78961504028648,0.0223813786929275
21,59,1,93,1,-72,58
88,56,0,90,14,178,70
8,31,0,93,58,101,89
97,59,3,28,67,1.26474492698654,-0.919211075289209
55,49,0,76,70,131,119
86,73,0,8,62,94,135
70,23,2,37,67,1049,5541
49,82,1,12,18,37,64
68,1,3,86,58,0.548884758364312,-0.358550185873606
81,25,0,82,61,163,86
75,5,0,79,47,154,52
52,47,1,36,78,16,-31
61,16,2,21,40,641,2776
87,11,1,10,59,77,-48
59,69,2,38,59,-1829,6103
58,21,1,89,96,-31,-75
42,83,0,95,38,137,121
58,32,2,20,94,-1848,6092
96,68,0,6,52,102,120
46,95,0,95,43,141,138
98,34,2,51,34,3842,5066
37,23,1,0,53,37,-30
82,26,0,37,75,119,101
36,57,2,3,75,-4167,2871
37,26,1,43,57,-6,-31
37,3,2,59,65,1988,2582
42,72,0,46,48,88,120
59,29,0,48,78,107,107
62,70,0,80,84,142,154
92,28,1,40,33,52,-5
34,56,0,28,63,62,119
64,76,1,36,76,28,0
99,88,3,29,38,2.7199124726477,-0.529540481400438
95,70,1,1,63,94,7
52,70,2,47,44,-636,5578
92,74,0,22,64,114,138
5,22,2,17,32,-619,534
6,14,2,39,4,178,570
45,44,0,79,49,124,93
73,65,3,71,95,0.807479027442059,-0.164936726859093
84,56,3,53,36,1.57563946406821,-0.0136419001218027
78,7,0,13,35,91,42
32,39,1,37,78,-5,-39
20,6,0,75,80,95,86
31,47,3,20,35,1.39384615384615,-0.0892307692307692
41,79,3,14,74,1.13187588152327,-0.339915373765867
84,59,3,85,91,0.806719979362827,-0.169547272023733
64,25,1,30,16,34,9
70,68,3,87,23,0.945171647320326,0.53173623116819
35,26,3,7,80,0.360521011009459,-0.405954411536672
69,28,3,62,59,0.809556313993174,-0.31877133105802
40,44,0,80,58,120,102
84,87,3,41,64,1.559979227973,-0.313138307079799
34,92,1,14,97,20,-5
86,42,1,11,39,75,3
57,58,3,67,76,0.801461276181198,-0.0434486117876279
95,31,3,77,41,1.12825229960578,-0.198160315374507
28,44,3,94,85,0.396737438515659,0.10933316729967
77,41,0,10,25,87,66
43,22,2,81,45,2493,3717
22,40,2,41,80,-2298,3400
41,2,1,77,53,-36,-51
40,38,1,2,78,38,-40
58,15,3,60,92,0.402851458885942,-0.367705570291777
39,14,3,95,87,0.296673496444498,-0.12432204411233
10,64,3,73,39,0.470948905109489,0.625109489051095
51,32,0,90,50,141,82
62,61,1,99,91,-37,-30
12,12,3,55,10,0.2496,0.1728
48,47,0,18,62,66,109
2,54,0,63,46,65,100
86,88,1,40,44,46,44
84,12,3,43,61,0.779892280071813,-0.827289048473968
84,65,2,88,82,2062,12608
50,41,3,59,97,0.537393328161365,-0.188595810705974
16,10,3,75,40,0.221453287197232,0.0152249134948097
49,94,1,89,49,-40,45
15,54,2,16,11,-354,1029
81,54,2,32,17,1674,3105
2,15,3,71,65,0.120548240880639,0.100906540038852
98,28,0,78,23,176,51
98,90,3,75,78,1.22726108121957,-0.0763515244683577
55,44,1,88,30,-33,14
73,52,3,23,41,1.72443438914027,-0.813122171945701
38,44,2,47,40,26,3588
87,78,2,78,80,546,13044
8,14,3,19,19,0.578947368421053,0.157894736842105
60,45,3,77,30,0.874212915507395,0.243813149802314
67,37,3,39,74,0.764756324138917,-0.502358153494355
23,86,2,42,95,-7204,5797
22,41,2,68,12,1004,3052
86,59,3,39,73,1.11839416058394,-0.580583941605839
34,89,1,98,22,-64,67
28,94,3,39,60,1.31458699472759,0.387814879906268
28,21,1,0,50,28,-29
89,71,2,66,65,1259,10471
28,44,0,53,80,81,124
13,23,1,53,91,-40,-68
95,90,0,78,43,173,133
20,65,2,63,6,870,4215
41,28,2,22,83,-1422,4019
80,70,1,45,12,35,58
47,70,1,51,25,-4,45
77,22,1,23,51,54,-29
97,22,2,91,58,7551,7628
89,25,0,59,62,148,87
31,5,0,85,38,116,43
88,42,0,18,37,106,79
7,91,3,11,13,4.3448275862069,3.13793103448276
80,20,1,28,20,52,0
77,44,1,38,41,39,3
89,14,3,64,91,0.563141310495274,-0.581966550860467
22,17,1,16,46,6,-29
95,12,3,46,85,0.577026014345359,-0.805374156942511
11,50,3,45,38,0.690400691842029,0.528106082444509
35,60,3,67,99,0.579776067179846,0.0388383484954514
63,72,2,99,8,5661,7632
6,17,0,69,88,75,105
27,48,3,37,67,0.719528849436668,-0.00563332195288494
78,70,1,14,63,64,7
29,21,3,63,27,0.509578544061303,0.114942528735632
6,74,3,34,7,0.599170124481328,2.05311203319502
51,90,2,46,83,-5124,8373
12,67,1,79,26,-67,41
89,23,0,71,15,160,38
96,27,2,24,90,-126,9288
21,32,1,99,27,-78,5
92,6,0,78,88,170,94
95,66,3,62,66,1.24951219512195,-0.265609756097561
17,10,1,53,80,-36,-70
86,15,1,13,11,73,4
27,49,2,64,87,-2535,5485
65,95,0,83,1,148,96
44,15,0,81,27,125,42
80,71,0,91,82,171,153
47,64,1,95,6,-48,58
97,53,1,1,70,96,-17
19,98,0,30,85,49,183
50,59,3,8,30,2.25103734439834,-1.06639004149378
29,69,2,98,0,2842,6762
18,41,2,51,25,-107,2541
85,88,1,80,49,5,39
5,71,0,82,94,87,165
60,34,1,23,63,37,-29
97,59,0,48,18,145,77
52,76,2,53,1,2680,4080
84,57,3,13,0,6.46153846153846,4.38461538461539
72,42,1,50,90,22,-48
93,93,3,77,12,1.36291783303145,0.995389428618475
37,79,0,89,29,126,108
31,1,2,96,57,2919,1863
96,68,3,39,14,2.73500291205591,0.761793826441468
2,92,1,11,41,-9,51
51,20,2,52,69,1272,4559
76,40,0,64,42,140,82
99,30,2,6,96,-2286,9684
64,44,1,55,28,9,16
31,95,1,15,54,16,41
41,94,3,34,71,1.30192028400839,0.0459899951589479
90,15,0,92,54,182,69
89,87,0,96,3,185,90
90,22,3,12,53,0.760582458516763,-1.52590585844903
41,77,2,7,47,-3332,2466
90,44,0,51,63,141,107
73,57,1,23,54,50,3
8,45,1,74,99,-66,-54
7,72,2,9,15,-1017,753
81,98,1,45,72,36,26
66,3,1,80,60,-14,-57
11,67,1,58,62,-47,5
33,3,3,99,51,0.275761973875181,-0.111756168359942
84,19,2,47,51,2979,5177
38,32,0,41,89,79,121
37,64,2,42,83,-3758,5759
65,88,0,39,65,104,153
44,20,0,90,76,134,96
34,57,2,49,27,127,3711
68,28,2,12,28,32,2240
52,60,1,58,5,-6,55
28,83,0,57,42,85,125
18,37,1,15,69,3,-32
13,30,2,8,53,-1486,929
3,96,0,48,49,51,145
61,48,1,77,21,-16,27
85,82,2,31,95,-5155,10617
9,93,1,41,74,-32,19
65,46,0,49,26,114,72
16,86,1,23,35,-7,51
22,23,2,1,47,-1059,1057
33,21,2,48,21,1143,1701
20,61,2,69,84,-3744,5889
9,98,2,16,50,-4756,2018
76,81,1,24,33,52,48
9,36,2,1,48,-1719,468
12,99,3,83,18,0.385137945376404,1.10924719256897
15,79,0,21,78,36,157
20,90,0,93,57,113,147
92,64,1,1,19,91,45
43,3,3,25,88,0.159995220456446,-0.443183176006691
67,4,0,21,63,88,67
94,12,1,21,32,73,-20
91,29,3,42,14,2.15714285714286,-0.0285714285714286
40,35,1,30,89,10,-54
76,70,2,80,33,3770,8108
38,85,2,40,34,-1370,4692
84,51,0,41,37,125,88
48,68,2,74,49,220,7384
7,67,3,96,33,0.279767103347889,0.60174672489083
99,26,0,37,61,136,87
51,61,1,44,13,7,48
67,4,1,78,8,-11,-4
98,81,3,36,84,1.23706896551724,-0.636494252873563
61,56,1,79,87,-18,-31
13,26,3,17,62,0.443503508347447,-0.0880716186789257
71,23,3,41,88,0.523607427055703,-0.562864721485411
40,65,2,30,61,-2765,4390
9,33,1,59,24,-50,9
25,28,0,28,66,53,94
25,6,3,18,67,0.177020569291502,-0.325576563473925
64,2,2,11,72,560,4630
35,79,3,2,68,1.17588591184097,-0.480121002592913
48,72,0,9,6,57,78
22,85,0,75,92,97,177
58,72,2,90,55,1260,9670
41,84,1,42,45,-1,39
32,25,1,61,53,-29,-28
16,67,1,33,78,-17,-11
85,61,0,15,1,100,62
51,3,3,46,10,1.07220216606498,-0.167870036101083
87,94,1,74,58,13,36
70,62,1,89,15,-19,47
6,80,0,58,96,64,176
37,32,3,72,31,0.594955248169243,0.188283157038242
81,6,2,14,59,780,4863
70,11,0,76,17,146,28
57,65,1,84,63,-27,2
6,15,1,56,1,-50,14
22,13,1,68,2,-46,11
2,65,1,83,89,-81,-24
52,80,1,72,10,-20,70
99,49,0,61,92,160,141
42,68,2,54,67,-2288,6486
31,27,3,83,92,0.329381879762913,-0.0397967823878069
